{"cameraMode":{"drawMode":0,"name":"Shaded","section":"Shading Mode"},"sceneLighting":false,"audioPlay":false,"sceneViewState":{"m_AlwaysRefresh":false,"showFog":true,"showSkybox":false,"showFlares":true,"showImageEffects":true,"showParticleSystems":true,"showVisualEffectGraphs":true,"m_FxEnabled":true},"in2DMode":false,"pivot":{"x":-4.2810893058776859,"y":0.0011997222900390626,"z":-4.478921413421631},"rotation":{"x":-0.33175674080848696,"y":-0.18291901051998139,"z":0.06572109460830689,"w":-0.9231499433517456},"size":0.26846811175346377,"orthographic":false}